metric,metric_label,mode,temporal_bucket,geography,window,start_date,end_date,dates,zones,coverage,median_abs_change,robust_95pct_bound,median_spatial_spread,median_temporal_motion,material_share,persistent_zone_share,policy_step,median_abs_change_score,median_spatial_spread_score,median_temporal_motion_score,material_share_score,persistent_zone_share_score,policy_step_score,interest_score,coverage_factor,final_score
taxi_trip_count,Taxi trips,Taxi,weekend_overnight,Bronx,CP launch transition,2024-11-01,2025-04-30,52,42,1.0,162.50000000000003,1300.0000000000002,846.6062668333973,240.00000000000006,0.9880952380952381,1.0,358.73707627504973,1.0,1.0,1.0,1.0,1.0,1.0,1.0,1.0,1.0
taxi_trip_count,Taxi trips,Taxi,weekend_evening,Brooklyn,CP launch transition,2024-11-01,2025-04-30,52,61,1.0,170.4377687045399,1213.8453872437353,686.7325380728144,190.90909090909088,0.9577553593947037,1.0,439.0243902439024,1.0,1.0,1.0,1.0,1.0,1.0,1.0,1.0,1.0
taxi_trip_count,Taxi trips,Taxi,weekend_overnight,Brooklyn,CP launch transition,2024-11-01,2025-04-30,52,61,1.0,134.20074349442382,1073.2520446096646,632.6930762863644,162.79069767441857,0.9549180327868853,1.0,233.65785813630043,1.0,1.0,1.0,0.9998992862723055,1.0,1.0,0.9999848929408458,1.0,0.9999848929408458
subway_transfers,Subway transfers,Subway,weekend_overnight,Queens,Early 2026,2026-01-01,2026-03-31,26,27,0.9957264957264957,100.0,348.7422922580017,284.26792343721206,79.97079278011772,0.9227467811158798,1.0,,0.9688584819380583,0.6002180260364364,0.9504172570713558,0.9649034286597191,1.0,0.0,0.7786451686099499,0.9957264957264957,0.7753176251543519
subway_transfers,Subway transfers,Subway,weekend_overnight,Manhattan,Early 2026,2026-01-01,2026-03-31,26,49,1.0,91.0427807486631,543.8033782501404,333.8693906574356,70.20547945205479,0.9215070643642073,1.0,,0.8792225143272016,0.7079917029594196,0.8311734587171541,0.9635548659315684,1.0,0.0,0.7636103502384614,1.0,0.7636103502384614
subway_transfers,Subway transfers,Subway,weekend_overnight,Manhattan,Second half of 2025,2025-07-01,2025-12-31,52,49,1.0,84.63534159700203,657.7319587628866,379.26982635283287,63.829787234042584,0.9203296703296703,1.0,,0.8151025020609943,0.8066374117057823,0.75332017007476,0.9622740977970883,1.0,0.0,0.7596850020231597,1.0,0.7596850020231597
fhvhv_trip_count,FHVHV trips,FHVHV,weekend_evening,Manhattan,Early 2026,2026-01-01,2026-03-31,26,66,0.9994172494172494,29.9453474341685,83.79363145412651,40.717938114839946,58.971229073246015,0.7790087463556852,0.9696969696969697,,0.2678131695277948,0.07103453805226054,0.6939925366281936,0.8085453282842114,0.9696969696969697,0.0,0.4283712719565915,0.9994172494172494,0.4281216383482252
fhvhv_trip_count,FHVHV trips,FHVHV,weekend_evening,Staten Island,Early 2026,2026-01-01,2026-03-31,26,19,0.9939271255060729,31.97084917617236,86.75378230563669,44.10504703456782,55.03412969283276,0.7291242362525459,1.0,,0.2880826084515874,0.07839402160940968,0.6459167945760359,0.7542810046422292,1.0,0.0,0.41954053670421143,0.9939271255060729,0.4169927196796919
fhvhv_trip_count,FHVHV trips,FHVHV,weekend_evening,Brooklyn,Early 2026,2026-01-01,2026-03-31,26,61,0.9993694829760403,32.31810490693739,84.36666371388588,54.62634558424764,47.656653623457316,0.7501577287066246,0.9508196721311475,,0.29155763820827146,0.1012546161492648,0.5558307687389051,0.7771612181491769,0.9508196721311475,0.0,0.4064474853622428,0.9993694829760403,0.4061912133033763
bus_trip_count,Bus trips,Bus,weekend_overnight,Queens,Early 2026,2026-01-01,2026-03-31,26,65,0.9923076923076923,25.29263254532935,128.96583996256433,107.0486569752535,16.580063529368566,0.6958855098389982,0.7384615384615385,,0.2212528934670865,0.21515740104726425,0.1763559359072205,0.718123948998647,0.7384615384615385,0.0,0.3148758623326283,0.9923076923076923,0.31245374031468504
bus_trip_count,Bus trips,Bus,All temporal buckets,Staten Island,Second half of 2025,2025-07-01,2025-12-31,184,20,1.0,30.58556341203872,63.92536306842319,21.17070269158298,13.243381097687923,0.7326086956521739,1.0,,0.274219887622561,0.028562459033100906,0.13561185799710002,0.7580713963327123,1.0,0.0,0.3028176733321143,1.0,0.3028176733321143
bus_trip_count,Bus trips,Bus,weekend_midday,Queens,Early 2026,2026-01-01,2026-03-31,26,65,1.0,21.938339126380097,85.60101217931788,78.03640363921451,18.920635743732014,0.6366863905325444,0.6307692307692307,,0.1876860768221361,0.15211980572848777,0.20493655711073544,0.6537272021382711,0.6307692307692307,0.0,0.27769048161636,1.0,0.27769048161636
