feature_column,feature_family,source_metric,temporal_bucket
taxi_trip_count_period_mean,period_level,taxi_trip_count,
taxi_avg_trip_speed_period_mean,period_level,taxi_avg_trip_speed,
taxi_avg_trip_duration_period_mean,period_level,taxi_avg_trip_duration,
fhvhv_trip_count_period_mean,period_level,fhvhv_trip_count,
fhvhv_avg_trip_speed_period_mean,period_level,fhvhv_avg_trip_speed,
fhvhv_avg_trip_duration_period_mean,period_level,fhvhv_avg_trip_duration,
subway_ridership_period_mean,period_level,subway_ridership,
subway_transfers_period_mean,period_level,subway_transfers,
bus_trip_count_period_mean,period_level,bus_trip_count,
avg_bus_speed_period_mean,period_level,avg_bus_speed,
taxi_trip_count_shape_weekday_overnight,temporal_shape,taxi_trip_count,weekday_overnight
taxi_trip_count_shape_weekday_am_peak,temporal_shape,taxi_trip_count,weekday_am_peak
taxi_trip_count_shape_weekday_midday,temporal_shape,taxi_trip_count,weekday_midday
taxi_trip_count_shape_weekday_pm_peak,temporal_shape,taxi_trip_count,weekday_pm_peak
taxi_trip_count_shape_weekday_evening,temporal_shape,taxi_trip_count,weekday_evening
taxi_trip_count_shape_weekend_overnight,temporal_shape,taxi_trip_count,weekend_overnight
taxi_trip_count_shape_weekend_am_peak,temporal_shape,taxi_trip_count,weekend_am_peak
taxi_trip_count_shape_weekend_midday,temporal_shape,taxi_trip_count,weekend_midday
taxi_trip_count_shape_weekend_pm_peak,temporal_shape,taxi_trip_count,weekend_pm_peak
taxi_trip_count_shape_weekend_evening,temporal_shape,taxi_trip_count,weekend_evening
taxi_avg_trip_speed_shape_weekday_overnight,temporal_shape,taxi_avg_trip_speed,weekday_overnight
taxi_avg_trip_speed_shape_weekday_am_peak,temporal_shape,taxi_avg_trip_speed,weekday_am_peak
taxi_avg_trip_speed_shape_weekday_midday,temporal_shape,taxi_avg_trip_speed,weekday_midday
taxi_avg_trip_speed_shape_weekday_pm_peak,temporal_shape,taxi_avg_trip_speed,weekday_pm_peak
taxi_avg_trip_speed_shape_weekday_evening,temporal_shape,taxi_avg_trip_speed,weekday_evening
taxi_avg_trip_speed_shape_weekend_overnight,temporal_shape,taxi_avg_trip_speed,weekend_overnight
taxi_avg_trip_speed_shape_weekend_am_peak,temporal_shape,taxi_avg_trip_speed,weekend_am_peak
taxi_avg_trip_speed_shape_weekend_midday,temporal_shape,taxi_avg_trip_speed,weekend_midday
taxi_avg_trip_speed_shape_weekend_pm_peak,temporal_shape,taxi_avg_trip_speed,weekend_pm_peak
taxi_avg_trip_speed_shape_weekend_evening,temporal_shape,taxi_avg_trip_speed,weekend_evening
taxi_avg_trip_duration_shape_weekday_overnight,temporal_shape,taxi_avg_trip_duration,weekday_overnight
taxi_avg_trip_duration_shape_weekday_am_peak,temporal_shape,taxi_avg_trip_duration,weekday_am_peak
taxi_avg_trip_duration_shape_weekday_midday,temporal_shape,taxi_avg_trip_duration,weekday_midday
taxi_avg_trip_duration_shape_weekday_pm_peak,temporal_shape,taxi_avg_trip_duration,weekday_pm_peak
taxi_avg_trip_duration_shape_weekday_evening,temporal_shape,taxi_avg_trip_duration,weekday_evening
taxi_avg_trip_duration_shape_weekend_overnight,temporal_shape,taxi_avg_trip_duration,weekend_overnight
taxi_avg_trip_duration_shape_weekend_am_peak,temporal_shape,taxi_avg_trip_duration,weekend_am_peak
taxi_avg_trip_duration_shape_weekend_midday,temporal_shape,taxi_avg_trip_duration,weekend_midday
taxi_avg_trip_duration_shape_weekend_pm_peak,temporal_shape,taxi_avg_trip_duration,weekend_pm_peak
taxi_avg_trip_duration_shape_weekend_evening,temporal_shape,taxi_avg_trip_duration,weekend_evening
fhvhv_trip_count_shape_weekday_overnight,temporal_shape,fhvhv_trip_count,weekday_overnight
fhvhv_trip_count_shape_weekday_am_peak,temporal_shape,fhvhv_trip_count,weekday_am_peak
fhvhv_trip_count_shape_weekday_midday,temporal_shape,fhvhv_trip_count,weekday_midday
fhvhv_trip_count_shape_weekday_pm_peak,temporal_shape,fhvhv_trip_count,weekday_pm_peak
fhvhv_trip_count_shape_weekday_evening,temporal_shape,fhvhv_trip_count,weekday_evening
fhvhv_trip_count_shape_weekend_overnight,temporal_shape,fhvhv_trip_count,weekend_overnight
fhvhv_trip_count_shape_weekend_am_peak,temporal_shape,fhvhv_trip_count,weekend_am_peak
fhvhv_trip_count_shape_weekend_midday,temporal_shape,fhvhv_trip_count,weekend_midday
fhvhv_trip_count_shape_weekend_pm_peak,temporal_shape,fhvhv_trip_count,weekend_pm_peak
fhvhv_trip_count_shape_weekend_evening,temporal_shape,fhvhv_trip_count,weekend_evening
fhvhv_avg_trip_speed_shape_weekday_overnight,temporal_shape,fhvhv_avg_trip_speed,weekday_overnight
fhvhv_avg_trip_speed_shape_weekday_am_peak,temporal_shape,fhvhv_avg_trip_speed,weekday_am_peak
fhvhv_avg_trip_speed_shape_weekday_midday,temporal_shape,fhvhv_avg_trip_speed,weekday_midday
fhvhv_avg_trip_speed_shape_weekday_pm_peak,temporal_shape,fhvhv_avg_trip_speed,weekday_pm_peak
fhvhv_avg_trip_speed_shape_weekday_evening,temporal_shape,fhvhv_avg_trip_speed,weekday_evening
fhvhv_avg_trip_speed_shape_weekend_overnight,temporal_shape,fhvhv_avg_trip_speed,weekend_overnight
fhvhv_avg_trip_speed_shape_weekend_am_peak,temporal_shape,fhvhv_avg_trip_speed,weekend_am_peak
fhvhv_avg_trip_speed_shape_weekend_midday,temporal_shape,fhvhv_avg_trip_speed,weekend_midday
fhvhv_avg_trip_speed_shape_weekend_pm_peak,temporal_shape,fhvhv_avg_trip_speed,weekend_pm_peak
fhvhv_avg_trip_speed_shape_weekend_evening,temporal_shape,fhvhv_avg_trip_speed,weekend_evening
fhvhv_avg_trip_duration_shape_weekday_overnight,temporal_shape,fhvhv_avg_trip_duration,weekday_overnight
fhvhv_avg_trip_duration_shape_weekday_am_peak,temporal_shape,fhvhv_avg_trip_duration,weekday_am_peak
fhvhv_avg_trip_duration_shape_weekday_midday,temporal_shape,fhvhv_avg_trip_duration,weekday_midday
fhvhv_avg_trip_duration_shape_weekday_pm_peak,temporal_shape,fhvhv_avg_trip_duration,weekday_pm_peak
fhvhv_avg_trip_duration_shape_weekday_evening,temporal_shape,fhvhv_avg_trip_duration,weekday_evening
fhvhv_avg_trip_duration_shape_weekend_overnight,temporal_shape,fhvhv_avg_trip_duration,weekend_overnight
fhvhv_avg_trip_duration_shape_weekend_am_peak,temporal_shape,fhvhv_avg_trip_duration,weekend_am_peak
fhvhv_avg_trip_duration_shape_weekend_midday,temporal_shape,fhvhv_avg_trip_duration,weekend_midday
fhvhv_avg_trip_duration_shape_weekend_pm_peak,temporal_shape,fhvhv_avg_trip_duration,weekend_pm_peak
fhvhv_avg_trip_duration_shape_weekend_evening,temporal_shape,fhvhv_avg_trip_duration,weekend_evening
subway_ridership_shape_weekday_overnight,temporal_shape,subway_ridership,weekday_overnight
subway_ridership_shape_weekday_am_peak,temporal_shape,subway_ridership,weekday_am_peak
subway_ridership_shape_weekday_midday,temporal_shape,subway_ridership,weekday_midday
subway_ridership_shape_weekday_pm_peak,temporal_shape,subway_ridership,weekday_pm_peak
subway_ridership_shape_weekday_evening,temporal_shape,subway_ridership,weekday_evening
subway_ridership_shape_weekend_overnight,temporal_shape,subway_ridership,weekend_overnight
subway_ridership_shape_weekend_am_peak,temporal_shape,subway_ridership,weekend_am_peak
subway_ridership_shape_weekend_midday,temporal_shape,subway_ridership,weekend_midday
subway_ridership_shape_weekend_pm_peak,temporal_shape,subway_ridership,weekend_pm_peak
subway_ridership_shape_weekend_evening,temporal_shape,subway_ridership,weekend_evening
subway_transfers_shape_weekday_overnight,temporal_shape,subway_transfers,weekday_overnight
subway_transfers_shape_weekday_am_peak,temporal_shape,subway_transfers,weekday_am_peak
subway_transfers_shape_weekday_midday,temporal_shape,subway_transfers,weekday_midday
subway_transfers_shape_weekday_pm_peak,temporal_shape,subway_transfers,weekday_pm_peak
subway_transfers_shape_weekday_evening,temporal_shape,subway_transfers,weekday_evening
subway_transfers_shape_weekend_overnight,temporal_shape,subway_transfers,weekend_overnight
subway_transfers_shape_weekend_am_peak,temporal_shape,subway_transfers,weekend_am_peak
subway_transfers_shape_weekend_midday,temporal_shape,subway_transfers,weekend_midday
subway_transfers_shape_weekend_pm_peak,temporal_shape,subway_transfers,weekend_pm_peak
subway_transfers_shape_weekend_evening,temporal_shape,subway_transfers,weekend_evening
bus_trip_count_shape_weekday_overnight,temporal_shape,bus_trip_count,weekday_overnight
bus_trip_count_shape_weekday_am_peak,temporal_shape,bus_trip_count,weekday_am_peak
bus_trip_count_shape_weekday_midday,temporal_shape,bus_trip_count,weekday_midday
bus_trip_count_shape_weekday_pm_peak,temporal_shape,bus_trip_count,weekday_pm_peak
bus_trip_count_shape_weekday_evening,temporal_shape,bus_trip_count,weekday_evening
bus_trip_count_shape_weekend_overnight,temporal_shape,bus_trip_count,weekend_overnight
bus_trip_count_shape_weekend_am_peak,temporal_shape,bus_trip_count,weekend_am_peak
bus_trip_count_shape_weekend_midday,temporal_shape,bus_trip_count,weekend_midday
bus_trip_count_shape_weekend_pm_peak,temporal_shape,bus_trip_count,weekend_pm_peak
bus_trip_count_shape_weekend_evening,temporal_shape,bus_trip_count,weekend_evening
avg_bus_speed_shape_weekday_overnight,temporal_shape,avg_bus_speed,weekday_overnight
avg_bus_speed_shape_weekday_am_peak,temporal_shape,avg_bus_speed,weekday_am_peak
avg_bus_speed_shape_weekday_midday,temporal_shape,avg_bus_speed,weekday_midday
avg_bus_speed_shape_weekday_pm_peak,temporal_shape,avg_bus_speed,weekday_pm_peak
avg_bus_speed_shape_weekday_evening,temporal_shape,avg_bus_speed,weekday_evening
avg_bus_speed_shape_weekend_overnight,temporal_shape,avg_bus_speed,weekend_overnight
avg_bus_speed_shape_weekend_am_peak,temporal_shape,avg_bus_speed,weekend_am_peak
avg_bus_speed_shape_weekend_midday,temporal_shape,avg_bus_speed,weekend_midday
avg_bus_speed_shape_weekend_pm_peak,temporal_shape,avg_bus_speed,weekend_pm_peak
avg_bus_speed_shape_weekend_evening,temporal_shape,avg_bus_speed,weekend_evening
